{
  "session_count": 0.3893498217226896,
  "session_gap_min": -0.1846523404297867,
  "session_gap_max": -0.055020880150402136,
  "session_gap_mean": -0.3398985563054297,
  "session_gap_std": -0.16025081408238265,
  "session_regularity": -0.2736008346703393,
  "sessions_per_week": 0.33773929705253447,
  "weekday_morning_pct": 0.026860297512741528,
  "weekday_afternoon_pct": -0.1125292702269027,
  "weekday_evening_pct": 0.0260414577090563,
  "weekday_night_pct": -0.08116518348727386,
  "weekend_morning_pct": 0.032024620728729664,
  "weekend_afternoon_pct": 0.2597521028273553,
  "weekend_evening_pct": 0.13403131286872935,
  "weekend_night_pct": 0.028038130043907303,
  "weekday_morning_sd": 0.13590826879144657,
  "weekday_afternoon_sd": 0.02916376461959149,
  "weekend_total_sd": 0.1804902115936091,
  "dct_coef_0": 0.1717094313900697,
  "dct_coef_1": -0.15319658676450307,
  "dct_coef_2": 0.14647487979309579,
  "dct_coef_3": -0.05858727124872554,
  "dct_coef_4": -0.13721543750588758,
  "dct_coef_5": -0.048313655108332174,
  "dct_coef_6": 0.07932764366958392,
  "dct_coef_7": -0.0649786846651077,
  "dct_coef_8": 0.08620921296025993,
  "dct_coef_9": 0.269022458890833,
  "dct_coef_10": 0.13110470021227197,
  "dct_coef_11": -0.16738619870439178,
  "engagement_velocity": 0.06892705980512027,
  "engagement_acceleration": 0.0015733110769420708,
  "weekly_cv": 0.23021521323403038,
  "trend_reversals": 0.2620860348084703,
  "early_engagement_ratio": -0.2039101465677923,
  "late_surge": 0.0844590883015856,
  "peak_count_type1": 0.16780557237275598,
  "peak_count_type2": 0.11670404348223128,
  "peak_count_type3": 0.17644453398177867,
  "peak_ratio": 0.17138877293474333,
  "max_positive_slope": 0.31597399600658166,
  "max_negative_slope": -0.2847228141067483,
  "slope_std": 0.32554378895258956,
  "positive_slope_sum": 0.3025386017132721,
  "negative_slope_sum": -0.2798786579787255,
  "weekly_range": 0.3362739843703917,
  "first_access_day": -0.045800594533119035,
  "first_module_day": -0.0668429275006072,
  "access_time_pct": -0.02890861903246971,
  "total_page_views": 0.30080163692391426,
  "total_participations": 0.3538872733238797,
  "activity_span_days": 0.219432537548317,
  "unique_active_hours": 0.3893498217226896
}