{
  "best_model": "Logistic Regression",
  "features_used": [
    "page_views",
    "page_views_level",
    "total_activity_time",
    "morning_activity",
    "afternoon_activity",
    "evening_activity",
    "night_activity",
    "is_morning_studier",
    "is_evening_studier",
    "activity_span_days",
    "unique_active_hours",
    "early_access_score"
  ],
  "model_results": {
    "Logistic Regression": {
      "f1": 0.7602240896358543,
      "f1_std": 0.08075004032146664,
      "recall": 0.7821428571428571,
      "recall_std": 0.09609731462195505,
      "precision": 0.7485714285714286,
      "precision_std": 0.09797958971132711,
      "auc": 0.8323412698412698
    },
    "Random Forest": {
      "f1": 0.7080919080919081,
      "f1_std": 0.050551424821171434,
      "recall": 0.6428571428571429,
      "recall_std": 0.09035079029052513,
      "precision": 0.8123809523809525,
      "precision_std": 0.10491763317272695,
      "auc": 0.8168154761904761
    },
    "Gradient Boosting": {
      "f1": 0.7318681318681319,
      "f1_std": 0.14571942377363317,
      "recall": 0.6964285714285714,
      "recall_std": 0.1605157503874588,
      "precision": 0.7761904761904763,
      "precision_std": 0.13850513878332368,
      "auc": 0.788343253968254
    }
  }
}