{
  "best_model": "Logistic Regression",
  "features_used": [
    "page_views",
    "page_views_level",
    "total_activity_time",
    "morning_activity",
    "afternoon_activity",
    "evening_activity",
    "night_activity",
    "is_morning_studier",
    "is_evening_studier",
    "activity_span_days",
    "unique_active_hours",
    "early_access_score"
  ],
  "model_results": {
    "Logistic Regression": {
      "f1": 0.7243589743589742,
      "f1_std": 0.04762609133591467,
      "recall": 0.761904761904762,
      "recall_std": 0.12046772038736685,
      "precision": 0.7116666666666667,
      "precision_std": 0.10159833769418784,
      "auc": 0.8198412698412698
    },
    "Random Forest": {
      "f1": 0.6688311688311688,
      "f1_std": 0.1050620008615723,
      "recall": 0.6142857142857142,
      "recall_std": 0.13333333333333336,
      "precision": 0.7509523809523809,
      "precision_std": 0.09362442459005342,
      "auc": 0.8111111111111111
    },
    "Gradient Boosting": {
      "f1": 0.665934065934066,
      "f1_std": 0.07339387774710637,
      "recall": 0.6142857142857142,
      "recall_std": 0.13333333333333336,
      "precision": 0.7683333333333333,
      "precision_std": 0.13106402167558334,
      "auc": 0.7912698412698412
    }
  }
}